config_name,text_length_label,text_length_chars,rep,wall_time_sec,audio_duration_sec,rtf,chars_per_sec
Supertonic-2step,tiny,12,1,0.264578,1.393197,0.189907,45.3553
Supertonic-2step,tiny,12,2,0.249006,1.393197,0.17873,48.1917
Supertonic-2step,tiny,12,3,0.278004,1.393197,0.199544,43.1649
Supertonic-2step,tiny,12,4,0.267545,1.393197,0.192037,44.8523
Supertonic-2step,tiny,12,5,0.263719,1.393197,0.18929,45.503
Supertonic-2step,short,59,1,0.516868,4.249252,0.121637,114.149
Supertonic-2step,short,59,2,0.492966,4.249252,0.116012,119.6837
Supertonic-2step,short,59,3,0.528462,4.249252,0.124366,111.6448
Supertonic-2step,short,59,4,0.499685,4.249252,0.117594,118.0744
Supertonic-2step,short,59,5,0.503505,4.249252,0.118493,117.1786
Supertonic-2step,medium,196,1,1.409149,13.653333,0.103209,139.091
Supertonic-2step,medium,196,2,1.365848,13.653333,0.100038,143.5006
Supertonic-2step,medium,196,3,1.417468,13.653333,0.103818,138.2747
Supertonic-2step,medium,196,4,1.332026,13.653333,0.09756,147.1443
Supertonic-2step,medium,196,5,1.38395,13.653333,0.101364,141.6236
Supertonic-2step,long,483,1,3.412085,34.085034,0.100105,141.5557
Supertonic-2step,long,483,2,3.482734,34.085034,0.102178,138.6842
Supertonic-2step,long,483,3,3.38549,34.085034,0.099325,142.6677
Supertonic-2step,long,483,4,3.416014,34.085034,0.10022,141.3929
Supertonic-2step,long,483,5,4.07106,34.085034,0.119438,118.6423
Supertonic-2step,paragraph,851,1,6.41908,62.54898,0.102625,132.5735
Supertonic-2step,paragraph,851,2,6.239993,62.54898,0.099762,136.3784
Supertonic-2step,paragraph,851,3,6.094848,62.54898,0.097441,139.6261
Supertonic-2step,paragraph,851,4,6.757694,62.54898,0.108038,125.9305
Supertonic-2step,paragraph,851,5,6.536347,62.54898,0.1045,130.195
Supertonic-2step,extended,1712,1,13.552273,120.430748,0.112532,126.3257
Supertonic-2step,extended,1712,2,13.26984,120.430748,0.110186,129.0144
Supertonic-2step,extended,1712,3,13.737661,120.430748,0.114071,124.6209
Supertonic-2step,extended,1712,4,13.129677,120.430748,0.109023,130.3916
Supertonic-2step,extended,1712,5,12.088802,120.430748,0.10038,141.6187
Supertonic-5step,tiny,12,1,0.470992,1.393197,0.338066,25.4781
Supertonic-5step,tiny,12,2,0.466465,1.393197,0.334816,25.7254
Supertonic-5step,tiny,12,3,0.630323,1.393197,0.452429,19.0378
Supertonic-5step,tiny,12,4,0.460435,1.393197,0.330488,26.0623
Supertonic-5step,tiny,12,5,0.485988,1.393197,0.348829,24.692
Supertonic-5step,short,59,1,1.012557,4.249252,0.238291,58.2683
Supertonic-5step,short,59,2,0.932269,4.249252,0.219396,63.2864
Supertonic-5step,short,59,3,0.900457,4.249252,0.211909,65.5223
Supertonic-5step,short,59,4,1.041245,4.249252,0.245042,56.6629
Supertonic-5step,short,59,5,0.921756,4.249252,0.216922,64.0083
Supertonic-5step,medium,196,1,2.478482,13.653333,0.181529,79.0807
Supertonic-5step,medium,196,2,2.671798,13.653333,0.195688,73.3588
Supertonic-5step,medium,196,3,2.862649,13.653333,0.209667,68.468
Supertonic-5step,medium,196,4,2.901331,13.653333,0.2125,67.5552
Supertonic-5step,medium,196,5,2.742512,13.653333,0.200868,71.4673
Supertonic-5step,long,483,1,6.453106,34.085034,0.189324,74.8477
Supertonic-5step,long,483,2,7.683407,34.085034,0.225419,62.8627
Supertonic-5step,long,483,3,8.086738,34.085034,0.237252,59.7274
Supertonic-5step,long,483,4,8.345198,34.085034,0.244835,57.8776
Supertonic-5step,long,483,5,9.652125,34.085034,0.283178,50.0408
Supertonic-5step,paragraph,851,1,15.817532,62.54898,0.252882,53.8011
Supertonic-5step,paragraph,851,2,14.177237,62.54898,0.226658,60.0258
Supertonic-5step,paragraph,851,3,12.826246,62.54898,0.205059,66.3483
Supertonic-5step,paragraph,851,4,12.728496,62.54898,0.203496,66.8579
Supertonic-5step,paragraph,851,5,12.446051,62.54898,0.198981,68.3751
Supertonic-5step,extended,1712,1,24.400475,120.430748,0.20261,70.1626
Supertonic-5step,extended,1712,2,26.104354,120.430748,0.216758,65.5829
Supertonic-5step,extended,1712,3,22.550876,120.430748,0.187252,75.9172
Supertonic-5step,extended,1712,4,24.089576,120.430748,0.200028,71.0681
Supertonic-5step,extended,1712,5,24.219948,120.430748,0.201111,70.6855
Kokoro-PyTorch,tiny,12,1,0.819842,1.525,0.537601,14.637
Kokoro-PyTorch,tiny,12,2,0.976753,1.525,0.640494,12.2856
Kokoro-PyTorch,tiny,12,3,1.262309,1.525,0.827744,9.5064
Kokoro-PyTorch,tiny,12,4,0.853674,1.525,0.559787,14.0569
Kokoro-PyTorch,tiny,12,5,0.877239,1.525,0.575238,13.6793
Kokoro-PyTorch,short,59,1,2.114655,4.05,0.522137,27.9005
Kokoro-PyTorch,short,59,2,1.954079,4.05,0.482489,30.1933
Kokoro-PyTorch,short,59,3,1.972374,4.05,0.487006,29.9132
Kokoro-PyTorch,short,59,4,1.815521,4.05,0.448277,32.4976
Kokoro-PyTorch,short,59,5,2.012847,4.05,0.496999,29.3117
Kokoro-PyTorch,medium,196,1,7.460904,12.525,0.595681,26.2703
Kokoro-PyTorch,medium,196,2,7.343754,12.525,0.586328,26.6893
Kokoro-PyTorch,medium,196,3,7.39528,12.525,0.590441,26.5034
Kokoro-PyTorch,medium,196,4,7.026615,12.525,0.561007,27.8939
Kokoro-PyTorch,medium,196,5,7.205368,12.525,0.575279,27.2019
Kokoro-PyTorch,long,483,1,23.510924,30.35,0.77466,20.5436
Kokoro-PyTorch,long,483,2,25.356157,30.35,0.835458,19.0486
Kokoro-PyTorch,long,483,3,25.377425,30.35,0.836159,19.0327
Kokoro-PyTorch,long,483,4,27.660477,30.35,0.911383,17.4617
Kokoro-PyTorch,long,483,5,24.285504,30.35,0.800181,19.8884
Kokoro-PyTorch,paragraph,851,1,43.438265,52.95,0.820364,19.591
Kokoro-PyTorch,paragraph,851,2,37.838844,52.95,0.714615,22.4901
Kokoro-PyTorch,paragraph,851,3,35.587903,52.95,0.672104,23.9126
Kokoro-PyTorch,paragraph,851,4,36.579742,52.95,0.690836,23.2642
Kokoro-PyTorch,paragraph,851,5,39.004973,52.95,0.736638,21.8177
Kokoro-PyTorch,extended,1712,1,79.587152,110.575,0.719757,21.511
Kokoro-PyTorch,extended,1712,2,78.319146,110.575,0.70829,21.8593
Kokoro-PyTorch,extended,1712,3,74.709897,110.575,0.675649,22.9153
Kokoro-PyTorch,extended,1712,4,85.256595,110.575,0.77103,20.0806
Kokoro-PyTorch,extended,1712,5,87.734973,110.575,0.793443,19.5133
Kokoro-ONNX,tiny,12,1,0.749826,0.938667,0.79882,16.0037
Kokoro-ONNX,tiny,12,2,0.750373,0.938667,0.799403,15.9921
Kokoro-ONNX,tiny,12,3,0.763564,0.938667,0.813456,15.7158
Kokoro-ONNX,tiny,12,4,0.769022,0.938667,0.81927,15.6042
Kokoro-ONNX,tiny,12,5,0.772683,0.938667,0.823171,15.5303
Kokoro-ONNX,short,59,1,2.124991,3.498667,0.607372,27.7648
Kokoro-ONNX,short,59,2,2.172744,3.498667,0.621021,27.1546
Kokoro-ONNX,short,59,3,2.171845,3.498667,0.620764,27.1658
Kokoro-ONNX,short,59,4,2.450492,3.498667,0.700407,24.0768
Kokoro-ONNX,short,59,5,2.505343,3.498667,0.716085,23.5497
Kokoro-ONNX,medium,196,1,8.123208,11.946667,0.679956,24.1284
Kokoro-ONNX,medium,196,2,9.217418,11.946667,0.771547,21.2641
Kokoro-ONNX,medium,196,3,8.699932,11.946667,0.728231,22.5289
Kokoro-ONNX,medium,196,4,8.043214,11.946667,0.67326,24.3684
Kokoro-ONNX,medium,196,5,8.837495,11.946667,0.739746,22.1782
Kokoro-ONNX,long,483,1,20.447372,30.72,0.665605,23.6216
Kokoro-ONNX,long,483,2,22.509324,30.72,0.732725,21.4578
Kokoro-ONNX,long,483,3,19.695285,30.72,0.641123,24.5236
Kokoro-ONNX,long,483,4,16.874168,30.72,0.549289,28.6236
Kokoro-ONNX,long,483,5,16.401584,30.72,0.533906,29.4484
Kokoro-ONNX,paragraph,851,1,27.332565,52.373333,0.521879,31.135
Kokoro-ONNX,paragraph,851,2,27.224762,52.373333,0.519821,31.2583
Kokoro-ONNX,paragraph,851,3,27.10667,52.373333,0.517566,31.3945
Kokoro-ONNX,paragraph,851,4,27.484349,52.373333,0.524778,30.9631
Kokoro-ONNX,paragraph,851,5,26.746071,52.373333,0.510681,31.8178
Kokoro-ONNX,extended,1712,1,54.265582,104.0,0.521784,31.5485
Kokoro-ONNX,extended,1712,2,53.161436,104.0,0.511168,32.2038
Kokoro-ONNX,extended,1712,3,55.711938,104.0,0.535692,30.7295
Kokoro-ONNX,extended,1712,4,54.432814,104.0,0.523392,31.4516
Kokoro-ONNX,extended,1712,5,54.385069,104.0,0.522933,31.4792
Inflect-Nano,tiny,12,1,0.221519,0.810667,0.273255,54.1714
Inflect-Nano,tiny,12,2,0.119138,0.810667,0.146962,100.7239
Inflect-Nano,tiny,12,3,0.121592,0.810667,0.14999,98.6909
Inflect-Nano,tiny,12,4,0.117384,0.810667,0.144799,102.2288
Inflect-Nano,tiny,12,5,0.111834,0.810667,0.137953,107.3021
Inflect-Nano,short,59,1,0.527985,3.104,0.170098,111.7457
Inflect-Nano,short,59,2,0.345405,3.104,0.111277,170.8141
Inflect-Nano,short,59,3,0.330445,3.104,0.106458,178.5469
Inflect-Nano,short,59,4,0.350962,3.104,0.113067,168.1096
Inflect-Nano,short,59,5,0.361472,3.104,0.116454,163.2214
Inflect-Nano,medium,196,1,1.197479,9.386667,0.127572,163.6772
Inflect-Nano,medium,196,2,1.217866,9.386667,0.129744,160.9373
Inflect-Nano,medium,196,3,1.164104,9.386667,0.124017,168.3698
Inflect-Nano,medium,196,4,1.166921,9.386667,0.124317,167.9634
Inflect-Nano,medium,196,5,1.151374,9.386667,0.122661,170.2314
Inflect-Nano,long,483,1,2.61086,14.933333,0.174834,184.9965
Inflect-Nano,long,483,2,2.163263,14.933333,0.144861,223.2738
Inflect-Nano,long,483,3,2.061842,14.933333,0.13807,234.2566
Inflect-Nano,long,483,4,2.071681,14.933333,0.138729,233.1441
Inflect-Nano,long,483,5,2.039615,14.933333,0.136581,236.8094
Inflect-Nano,paragraph,851,1,2.161417,14.933333,0.144738,393.7232
Inflect-Nano,paragraph,851,2,2.100891,14.933333,0.140685,405.0663
Inflect-Nano,paragraph,851,3,2.182569,14.933333,0.146154,389.9076
Inflect-Nano,paragraph,851,4,2.07901,14.933333,0.139219,409.3294
Inflect-Nano,paragraph,851,5,2.075217,14.933333,0.138965,410.0776
Inflect-Nano,extended,1712,1,2.34758,14.933333,0.157204,729.2617
Inflect-Nano,extended,1712,2,2.516139,14.933333,0.168491,680.4075
Inflect-Nano,extended,1712,3,2.357812,14.933333,0.157889,726.097
Inflect-Nano,extended,1712,4,2.3518,14.933333,0.157487,727.9531
Inflect-Nano,extended,1712,5,2.414156,14.933333,0.161662,709.1505
Pocket-TTS,tiny,12,1,0.674788,0.88,0.766804,17.7834
Pocket-TTS,tiny,12,2,0.721969,0.96,0.752051,16.6212
Pocket-TTS,tiny,12,3,0.719466,0.96,0.749444,16.679
Pocket-TTS,tiny,12,4,0.778706,1.04,0.748755,15.4102
Pocket-TTS,tiny,12,5,0.757538,0.96,0.789102,15.8408
Pocket-TTS,short,59,1,2.549508,3.6,0.708197,23.1417
Pocket-TTS,short,59,2,2.256694,3.2,0.705217,26.1444
Pocket-TTS,short,59,3,2.294081,3.28,0.699415,25.7184
Pocket-TTS,short,59,4,2.244161,3.2,0.7013,26.2905
Pocket-TTS,short,59,5,2.45922,3.44,0.71489,23.9913
Pocket-TTS,medium,196,1,7.120355,10.32,0.689957,27.5267
Pocket-TTS,medium,196,2,6.925802,10.0,0.69258,28.3
Pocket-TTS,medium,196,3,6.925811,9.84,0.703843,28.2999
Pocket-TTS,medium,196,4,7.549566,11.04,0.683838,25.9618
Pocket-TTS,medium,196,5,6.843627,9.92,0.689882,28.6398
Pocket-TTS,long,483,1,17.679123,25.52,0.692756,27.3204
Pocket-TTS,long,483,2,17.672678,25.28,0.699077,27.3303
Pocket-TTS,long,483,3,17.169702,24.64,0.696822,28.1309
Pocket-TTS,long,483,4,17.415933,25.12,0.693309,27.7332
Pocket-TTS,long,483,5,16.839432,24.16,0.696996,28.6827
Pocket-TTS,paragraph,851,1,32.160314,46.0,0.699137,26.4612
Pocket-TTS,paragraph,851,2,31.878391,46.0,0.693009,26.6952
Pocket-TTS,paragraph,851,3,33.681234,47.44,0.709975,25.2663
Pocket-TTS,paragraph,851,4,33.846684,48.32,0.700469,25.1428
Pocket-TTS,paragraph,851,5,35.364167,47.84,0.739218,24.0639
Pocket-TTS,extended,1712,1,64.562621,92.24,0.699942,26.5169
Pocket-TTS,extended,1712,2,66.211657,91.44,0.724099,25.8565
Pocket-TTS,extended,1712,3,67.431413,92.0,0.73295,25.3888
Pocket-TTS,extended,1712,4,65.941129,91.28,0.722405,25.9626
Pocket-TTS,extended,1712,5,65.104213,90.96,0.715746,26.2963
